,Model,Analyzer,Action,Date,Time,Price,TradeNumber,Profit
0,Basic,basic,GOSHORT,2023-10-18,09_30_00,434.65,1,-0.1999999999999886
1,Basic,basic,GOLONG,2023-10-02,10_30_00,360.1,2,0.3299999999999841
2,Basic,basic,SELL,2023-10-02,10_45_00,360.43,2,0.3299999999999841
3,Basic,basic,GOLONG,2023-10-02,10_50_00,360.36,3,1.0699999999999932
4,Basic,basic,SELL,2023-10-02,11_35_00,361.43,3,1.0699999999999932
5,Basic,basic,GOLONG,2023-10-02,11_45_00,360.41,4,-0.7800000000000296
6,Basic,basic,GOSHORT,2023-10-02,11_55_00,359.63,4,-0.7800000000000296
7,Basic,basic,GOSHORT,2023-10-02,11_55_00,359.63,5,0.5699999999999932
8,Basic,basic,BUY,2023-10-02,12_05_00,359.06,5,0.5699999999999932
9,Basic,basic,GOSHORT,2023-10-02,12_10_00,359.61,6,0.10000000000002274
10,Basic,basic,GOLONG,2023-10-02,12_35_00,359.51,6,0.10000000000002274
11,Basic,basic,GOLONG,2023-10-02,12_35_00,359.51,7,-0.6299999999999955
12,Basic,basic,GOSHORT,2023-10-02,12_45_00,358.88,7,-0.6299999999999955
13,Basic,basic,GOSHORT,2023-10-02,12_45_00,358.88,8,-0.25
14,Basic,basic,BUY,2023-10-02,13_00_00,359.13,8,-0.25
15,Basic,basic,GOSHORT,2023-10-02,13_05_00,358.92,9,-0.8999999999999773
16,Basic,basic,GOLONG,2023-10-02,13_50_00,359.82,9,-0.8999999999999773
17,Basic,basic,GOLONG,2023-10-02,13_50_00,359.82,10,-0.4200000000000159
18,Basic,basic,GOSHORT,2023-10-02,13_55_00,359.4,10,-0.4200000000000159
19,Basic,basic,GOSHORT,2023-10-02,13_55_00,359.4,11,-0.040000000000020464
20,Basic,basic,BUY,2023-10-02,14_05_00,359.44,11,-0.040000000000020464
21,Basic,basic,GOLONG,2023-10-02,14_10_00,360.52,12,-0.7400000000000091
22,Basic,basic,SELL,2023-10-02,14_15_00,359.78,12,-0.7400000000000091
23,Basic,basic,GOSHORT,2023-10-02,14_40_00,358.54,13,-0.3100000000000023
24,Basic,basic,BUY,2023-10-02,14_45_00,358.85,13,-0.3100000000000023
25,Basic,basic,GOSHORT,2023-10-02,14_50_00,358.9,14,-0.11000000000001364
26,Basic,basic,BUY,2023-10-02,14_55_00,359.01,14,-0.11000000000001364
27,Basic,basic,GOSHORT,2023-10-02,15_00_00,358.58,15,-1.509999999999991
28,Basic,basic,BUY,2023-10-02,15_35_00,360.09,15,-1.509999999999991
29,Basic,basic,GOSHORT,2023-10-03,10_35_00,356.05,16,0.4600000000000364
30,Basic,basic,BUY,2023-10-03,10_55_00,355.59,16,0.4600000000000364
31,Basic,basic,GOSHORT,2023-10-03,11_00_00,355.23,17,-0.2999999999999545
32,Basic,basic,BUY,2023-10-03,12_05_00,355.53,17,-0.2999999999999545
33,Basic,basic,GOSHORT,2023-10-03,12_10_00,355.74,18,-0.3499999999999659
34,Basic,basic,BUY,2023-10-03,12_25_00,356.09,18,-0.3499999999999659
35,Basic,basic,GOSHORT,2023-10-03,12_30_00,355.85,19,0.010000000000047748
36,Basic,basic,BUY,2023-10-03,12_50_00,355.84,19,0.010000000000047748
37,Basic,basic,GOLONG,2023-10-03,13_05_00,355.79,20,-0.4700000000000273
38,Basic,basic,GOSHORT,2023-10-03,13_15_00,355.32,20,-0.4700000000000273
39,Basic,basic,GOSHORT,2023-10-03,13_15_00,355.32,21,0.7900000000000205
40,Basic,basic,BUY,2023-10-03,13_50_00,354.53,21,0.7900000000000205
41,Basic,basic,GOSHORT,2023-10-03,13_55_00,354.39,22,0.14999999999997726
42,Basic,basic,BUY,2023-10-03,14_00_00,354.24,22,0.14999999999997726
43,Basic,basic,GOSHORT,2023-10-03,14_05_00,354.17,23,0.12999999999999545
44,Basic,basic,BUY,2023-10-03,14_15_00,354.04,23,0.12999999999999545
45,Basic,basic,GOSHORT,2023-10-03,14_20_00,354.18,24,-0.18999999999999773
46,Basic,basic,BUY,2023-10-03,14_30_00,354.37,24,-0.18999999999999773
47,Basic,basic,GOSHORT,2023-10-03,14_40_00,354.66,25,0.010000000000047748
48,Basic,basic,BUY,2023-10-03,14_45_00,354.65,25,0.010000000000047748
49,Basic,basic,GOSHORT,2023-10-03,14_50_00,354.55,26,0.5500000000000114
50,Basic,basic,BUY,2023-10-03,15_05_00,354.0,26,0.5500000000000114
51,Basic,basic,GOSHORT,2023-10-03,15_10_00,353.78,27,-0.22000000000002728
52,Basic,basic,BUY,2023-10-03,15_40_00,354.0,27,-0.22000000000002728
53,Basic,basic,GOLONG,2023-10-04,10_30_00,357.04,28,-0.7600000000000477
54,Basic,basic,GOSHORT,2023-10-04,10_45_00,356.28,28,-0.7600000000000477
55,Basic,basic,GOSHORT,2023-10-04,10_45_00,356.28,29,-0.03000000000002956
56,Basic,basic,GOLONG,2023-10-04,10_55_00,356.31,29,-0.03000000000002956
57,Basic,basic,GOLONG,2023-10-04,10_55_00,356.31,30,0.2699999999999818
58,Basic,basic,SELL,2023-10-04,11_00_00,356.58,30,0.2699999999999818
59,Basic,basic,GOLONG,2023-10-04,11_05_00,356.83,31,1.9300000000000068
60,Basic,basic,SELL,2023-10-04,12_15_00,358.76,31,1.9300000000000068
61,Basic,basic,GOLONG,2023-10-04,12_25_00,358.83,32,0.18999999999999773
62,Basic,basic,SELL,2023-10-04,12_45_00,359.02,32,0.18999999999999773
63,Basic,basic,GOLONG,2023-10-04,12_55_00,358.69,33,-0.21999999999997044
64,Basic,basic,GOSHORT,2023-10-04,13_15_00,358.47,33,-0.21999999999997044
65,Basic,basic,GOSHORT,2023-10-04,13_15_00,358.47,34,0.6500000000000341
66,Basic,basic,GOLONG,2023-10-04,13_30_00,357.82,34,0.6500000000000341
67,Basic,basic,GOLONG,2023-10-04,13_30_00,357.82,35,-0.37999999999999545
68,Basic,basic,GOSHORT,2023-10-04,13_50_00,357.44,35,-0.37999999999999545
69,Basic,basic,GOSHORT,2023-10-04,13_50_00,357.44,36,0.05000000000001137
70,Basic,basic,GOLONG,2023-10-04,13_55_00,357.39,36,0.05000000000001137
71,Basic,basic,GOLONG,2023-10-04,13_55_00,357.39,37,0.2599999999999909
72,Basic,basic,GOSHORT,2023-10-04,14_00_00,357.65,37,0.2599999999999909
73,Basic,basic,GOSHORT,2023-10-04,14_00_00,357.65,38,0.4399999999999977
74,Basic,basic,GOLONG,2023-10-04,14_05_00,357.21,38,0.4399999999999977
75,Basic,basic,GOLONG,2023-10-04,14_05_00,357.21,39,0.7800000000000296
76,Basic,basic,GOSHORT,2023-10-04,14_15_00,357.99,39,0.7800000000000296
77,Basic,basic,GOSHORT,2023-10-04,14_15_00,357.99,40,0.09000000000003183
78,Basic,basic,GOLONG,2023-10-04,14_25_00,357.9,40,0.09000000000003183
79,Basic,basic,GOLONG,2023-10-04,14_25_00,357.9,41,-0.16999999999995907
80,Basic,basic,GOSHORT,2023-10-04,14_30_00,357.73,41,-0.16999999999995907
81,Basic,basic,GOSHORT,2023-10-04,14_30_00,357.73,42,-0.7199999999999704
82,Basic,basic,GOLONG,2023-10-04,14_40_00,358.45,42,-0.7199999999999704
83,Basic,basic,GOLONG,2023-10-04,14_40_00,358.45,43,1.5400000000000205
84,Basic,basic,SELL,2023-10-04,15_45_00,359.99,43,1.5400000000000205
85,Basic,basic,GOSHORT,2023-10-05,10_30_00,356.71,44,-0.27000000000003865
86,Basic,basic,GOLONG,2023-10-05,11_50_00,356.98,44,-0.27000000000003865
87,Basic,basic,GOLONG,2023-10-05,11_50_00,356.98,45,-0.6200000000000045
88,Basic,basic,GOSHORT,2023-10-05,11_55_00,356.36,45,-0.6200000000000045
89,Basic,basic,GOSHORT,2023-10-05,11_55_00,356.36,46,-0.5099999999999909
90,Basic,basic,BUY,2023-10-05,12_00_00,356.87,46,-0.5099999999999909
91,Basic,basic,GOLONG,2023-10-05,12_15_00,357.31,47,-0.06999999999999318
92,Basic,basic,SELL,2023-10-05,12_20_00,357.24,47,-0.06999999999999318
93,Basic,basic,GOLONG,2023-10-05,12_25_00,357.64,48,-0.7599999999999909
94,Basic,basic,GOSHORT,2023-10-05,12_45_00,356.88,48,-0.7599999999999909
95,Basic,basic,GOSHORT,2023-10-05,12_45_00,356.88,49,-0.29000000000002046
96,Basic,basic,GOLONG,2023-10-05,12_50_00,357.17,49,-0.29000000000002046
97,Basic,basic,GOLONG,2023-10-05,12_50_00,357.17,50,0.05000000000001137
98,Basic,basic,GOSHORT,2023-10-05,12_55_00,357.22,50,0.05000000000001137
99,Basic,basic,GOSHORT,2023-10-05,12_55_00,357.22,51,0.7200000000000273
100,Basic,basic,GOLONG,2023-10-05,13_05_00,356.5,51,0.7200000000000273
101,Basic,basic,GOLONG,2023-10-05,13_05_00,356.5,52,0.6800000000000068
102,Basic,basic,GOSHORT,2023-10-05,13_10_00,357.18,52,0.6800000000000068
103,Basic,basic,GOSHORT,2023-10-05,13_10_00,357.18,53,-0.9800000000000182
104,Basic,basic,GOLONG,2023-10-05,13_35_00,358.16,53,-0.9800000000000182
105,Basic,basic,GOLONG,2023-10-05,13_35_00,358.16,54,0.19999999999998863
106,Basic,basic,SELL,2023-10-05,13_45_00,358.36,54,0.19999999999998863
107,Basic,basic,GOLONG,2023-10-05,13_50_00,358.24,55,0.5799999999999841
108,Basic,basic,GOSHORT,2023-10-05,15_15_00,358.82,55,0.5799999999999841
109,Basic,basic,GOSHORT,2023-10-05,15_15_00,358.82,56,-0.28000000000002956
110,Basic,basic,BUY,2023-10-05,15_25_00,359.1,56,-0.28000000000002956
111,Basic,basic,GOLONG,2023-10-06,10_30_00,358.94,57,0.28000000000002956
112,Basic,basic,SELL,2023-10-06,10_55_00,359.22,57,0.28000000000002956
113,Basic,basic,GOLONG,2023-10-06,11_00_00,359.99,58,4.319999999999993
114,Basic,basic,GOSHORT,2023-10-06,13_30_00,364.31,58,4.319999999999993
115,Basic,basic,GOSHORT,2023-10-06,13_30_00,364.31,59,0.009999999999990905
116,Basic,basic,GOLONG,2023-10-06,13_35_00,364.3,59,0.009999999999990905
117,Basic,basic,GOLONG,2023-10-06,13_35_00,364.3,60,0.7299999999999613
118,Basic,basic,SELL,2023-10-06,14_25_00,365.03,60,0.7299999999999613
119,Basic,basic,GOLONG,2023-10-06,14_30_00,365.0,61,0.37000000000000455
120,Basic,basic,SELL,2023-10-06,14_45_00,365.37,61,0.37000000000000455
121,Basic,basic,GOLONG,2023-10-06,14_50_00,365.21,62,-0.15999999999996817
122,Basic,basic,SELL,2023-10-06,15_00_00,365.05,62,-0.15999999999996817
123,Basic,basic,GOLONG,2023-10-06,15_05_00,365.46,63,-0.3100000000000023
124,Basic,basic,SELL,2023-10-06,15_15_00,365.15,63,-0.3100000000000023
125,Basic,basic,GOSHORT,2023-10-06,15_25_00,365.65,64,-0.160000000000025
126,Basic,basic,GOLONG,2023-10-06,15_35_00,365.81,64,-0.160000000000025
127,Basic,basic,GOLONG,2023-10-06,15_35_00,365.81,65,-0.4399999999999977
128,Basic,basic,SELL,2023-10-06,15_45_00,365.37,65,-0.4399999999999977
129,Basic,basic,GOSHORT,2023-10-09,10_35_00,362.09,66,-0.3800000000000523
130,Basic,basic,BUY,2023-10-09,10_40_00,362.47,66,-0.3800000000000523
131,Basic,basic,GOSHORT,2023-10-09,10_45_00,361.55,67,-0.36000000000001364
132,Basic,basic,GOLONG,2023-10-09,10_50_00,361.91,67,-0.36000000000001364
133,Basic,basic,GOLONG,2023-10-09,10_50_00,361.91,68,1.0299999999999727
134,Basic,basic,GOSHORT,2023-10-09,11_35_00,362.94,68,1.0299999999999727
135,Basic,basic,GOSHORT,2023-10-09,11_35_00,362.94,69,-0.18000000000000682
136,Basic,basic,BUY,2023-10-09,12_00_00,363.12,69,-0.18000000000000682
137,Basic,basic,GOLONG,2023-10-09,12_20_00,363.98,70,-0.3900000000000432
138,Basic,basic,SELL,2023-10-09,12_25_00,363.59,70,-0.3900000000000432
139,Basic,basic,GOLONG,2023-10-09,12_30_00,363.85,71,-0.3300000000000409
140,Basic,basic,SELL,2023-10-09,12_55_00,363.52,71,-0.3300000000000409
141,Basic,basic,GOLONG,2023-10-09,13_15_00,363.9,72,0.05000000000001137
142,Basic,basic,GOSHORT,2023-10-09,13_20_00,363.95,72,0.05000000000001137
143,Basic,basic,GOSHORT,2023-10-09,13_20_00,363.95,73,-0.5600000000000023
144,Basic,basic,GOLONG,2023-10-09,13_25_00,364.51,73,-0.5600000000000023
145,Basic,basic,GOLONG,2023-10-09,13_25_00,364.51,74,1.5199999999999818
146,Basic,basic,SELL,2023-10-09,13_45_00,366.03,74,1.5199999999999818
147,Basic,basic,GOLONG,2023-10-09,13_50_00,366.21,75,0.5300000000000296
148,Basic,basic,SELL,2023-10-09,15_00_00,366.74,75,0.5300000000000296
149,Basic,basic,GOLONG,2023-10-09,15_05_00,366.88,76,-0.4900000000000091
150,Basic,basic,SELL,2023-10-09,15_45_00,366.39,76,-0.4900000000000091
151,Basic,basic,GOLONG,2023-10-10,10_30_00,369.48,77,0.19999999999998863
152,Basic,basic,SELL,2023-10-10,10_50_00,369.68,77,0.19999999999998863
153,Basic,basic,GOLONG,2023-10-10,10_55_00,369.68,78,-0.35000000000002274
154,Basic,basic,GOSHORT,2023-10-10,13_00_00,369.33,78,-0.35000000000002274
155,Basic,basic,GOSHORT,2023-10-10,13_00_00,369.33,79,0.8199999999999932
156,Basic,basic,GOLONG,2023-10-10,13_10_00,368.51,79,0.8199999999999932
157,Basic,basic,GOLONG,2023-10-10,13_10_00,368.51,80,0.12000000000000455
158,Basic,basic,SELL,2023-10-10,13_15_00,368.63,80,0.12000000000000455
159,Basic,basic,GOLONG,2023-10-10,13_20_00,368.79,81,0.23999999999995225
160,Basic,basic,GOSHORT,2023-10-10,13_25_00,369.03,81,0.23999999999995225
161,Basic,basic,GOSHORT,2023-10-10,13_25_00,369.03,82,-0.010000000000047748
162,Basic,basic,GOLONG,2023-10-10,13_35_00,369.04,82,-0.010000000000047748
163,Basic,basic,GOLONG,2023-10-10,13_35_00,369.04,83,0.23999999999995225
164,Basic,basic,GOSHORT,2023-10-10,13_40_00,369.28,83,0.23999999999995225
165,Basic,basic,GOSHORT,2023-10-10,13_40_00,369.28,84,0.4199999999999591
166,Basic,basic,BUY,2023-10-10,14_05_00,368.86,84,0.4199999999999591
167,Basic,basic,GOSHORT,2023-10-10,14_20_00,368.78,85,-0.21000000000003638
168,Basic,basic,GOLONG,2023-10-10,14_30_00,368.99,85,-0.21000000000003638
169,Basic,basic,GOLONG,2023-10-10,14_30_00,368.99,86,0.0
170,Basic,basic,GOSHORT,2023-10-10,14_40_00,368.99,86,0.0
171,Basic,basic,GOSHORT,2023-10-10,14_40_00,368.99,87,-0.12999999999999545
172,Basic,basic,GOLONG,2023-10-10,14_45_00,369.12,87,-0.12999999999999545
173,Basic,basic,GOLONG,2023-10-10,14_45_00,369.12,88,-0.6299999999999955
174,Basic,basic,GOSHORT,2023-10-10,14_50_00,368.49,88,-0.6299999999999955
175,Basic,basic,GOSHORT,2023-10-10,14_50_00,368.49,89,-0.5699999999999932
176,Basic,basic,BUY,2023-10-10,15_00_00,369.06,89,-0.5699999999999932
177,Basic,basic,GOSHORT,2023-10-10,15_05_00,369.11,90,0.0
178,Basic,basic,BUY,2023-10-10,15_30_00,369.11,90,0.0
179,Basic,basic,GOLONG,2023-10-11,10_35_00,370.3,91,-0.2599999999999909
180,Basic,basic,GOSHORT,2023-10-11,10_40_00,370.04,91,-0.2599999999999909
181,Basic,basic,GOSHORT,2023-10-11,10_40_00,370.04,92,-0.6699999999999591
182,Basic,basic,GOLONG,2023-10-11,10_55_00,370.71,92,-0.6699999999999591
183,Basic,basic,GOLONG,2023-10-11,10_55_00,370.71,93,-0.6800000000000068
184,Basic,basic,GOSHORT,2023-10-11,11_15_00,370.03,93,-0.6800000000000068
185,Basic,basic,GOSHORT,2023-10-11,11_15_00,370.03,94,0.20999999999997954
186,Basic,basic,BUY,2023-10-11,11_30_00,369.82,94,0.20999999999997954
187,Basic,basic,GOSHORT,2023-10-11,11_35_00,369.6,95,0.4399999999999977
188,Basic,basic,BUY,2023-10-11,12_10_00,369.16,95,0.4399999999999977
189,Basic,basic,GOSHORT,2023-10-11,12_15_00,368.97,96,-0.25
190,Basic,basic,BUY,2023-10-11,12_25_00,369.22,96,-0.25
191,Basic,basic,GOSHORT,2023-10-11,12_30_00,369.26,97,-0.03000000000002956
192,Basic,basic,BUY,2023-10-11,12_40_00,369.29,97,-0.03000000000002956
193,Basic,basic,GOLONG,2023-10-11,12_45_00,369.19,98,-0.2699999999999818
194,Basic,basic,SELL,2023-10-11,12_50_00,368.92,98,-0.2699999999999818
195,Basic,basic,GOSHORT,2023-10-11,12_55_00,369.42,99,0.8100000000000023
196,Basic,basic,BUY,2023-10-11,13_15_00,368.61,99,0.8100000000000023
197,Basic,basic,GOSHORT,2023-10-11,13_20_00,368.86,100,-0.07999999999998408
198,Basic,basic,BUY,2023-10-11,13_25_00,368.94,100,-0.07999999999998408
199,Basic,basic,GOSHORT,2023-10-11,13_30_00,368.55,101,0.28000000000002956
200,Basic,basic,BUY,2023-10-11,13_45_00,368.27,101,0.28000000000002956
201,Basic,basic,GOSHORT,2023-10-11,13_50_00,368.78,102,-0.8000000000000114
202,Basic,basic,BUY,2023-10-11,14_25_00,369.58,102,-0.8000000000000114
203,Basic,basic,GOSHORT,2023-10-11,14_35_00,369.7,103,-0.3199999999999932
204,Basic,basic,GOLONG,2023-10-11,14_40_00,370.02,103,-0.3199999999999932
205,Basic,basic,GOLONG,2023-10-11,14_40_00,370.02,104,0.09000000000003183
206,Basic,basic,GOSHORT,2023-10-11,14_50_00,370.11,104,0.09000000000003183
207,Basic,basic,GOSHORT,2023-10-11,14_50_00,370.11,105,0.27000000000003865
208,Basic,basic,BUY,2023-10-11,15_10_00,369.84,105,0.27000000000003865
209,Basic,basic,GOLONG,2023-10-11,15_15_00,369.91,106,0.20999999999997954
210,Basic,basic,SELL,2023-10-11,15_20_00,370.12,106,0.20999999999997954
211,Basic,basic,GOLONG,2023-10-12,10_35_00,372.39,107,-0.39999999999997726
212,Basic,basic,GOSHORT,2023-10-12,10_40_00,371.99,107,-0.39999999999997726
213,Basic,basic,GOSHORT,2023-10-12,10_40_00,371.99,108,-0.38999999999998636
214,Basic,basic,GOLONG,2023-10-12,10_50_00,372.38,108,-0.38999999999998636
215,Basic,basic,GOLONG,2023-10-12,10_50_00,372.38,109,-0.029999999999972715
216,Basic,basic,GOSHORT,2023-10-12,11_00_00,372.35,109,-0.029999999999972715
217,Basic,basic,GOSHORT,2023-10-12,11_00_00,372.35,110,-0.14999999999997726
218,Basic,basic,GOLONG,2023-10-12,11_05_00,372.5,110,-0.14999999999997726
219,Basic,basic,GOLONG,2023-10-12,11_05_00,372.5,111,0.339999999999975
220,Basic,basic,SELL,2023-10-12,11_20_00,372.84,111,0.339999999999975
221,Basic,basic,GOLONG,2023-10-12,11_25_00,372.37,112,0.29000000000002046
222,Basic,basic,SELL,2023-10-12,11_40_00,372.66,112,0.29000000000002046
223,Basic,basic,GOSHORT,2023-10-12,11_45_00,372.41,113,-0.3199999999999932
224,Basic,basic,BUY,2023-10-12,12_00_00,372.73,113,-0.3199999999999932
225,Basic,basic,GOLONG,2023-10-12,12_10_00,372.66,114,0.42999999999995
226,Basic,basic,SELL,2023-10-12,12_30_00,373.09,114,0.42999999999995
227,Basic,basic,GOLONG,2023-10-12,12_45_00,372.92,115,-0.160000000000025
228,Basic,basic,GOSHORT,2023-10-12,12_55_00,372.76,115,-0.160000000000025
229,Basic,basic,GOSHORT,2023-10-12,12_55_00,372.76,116,1.740000000000009
230,Basic,basic,BUY,2023-10-12,13_05_00,371.02,116,1.740000000000009
231,Basic,basic,GOSHORT,2023-10-12,13_10_00,370.31,117,0.5600000000000023
232,Basic,basic,BUY,2023-10-12,13_25_00,369.75,117,0.5600000000000023
233,Basic,basic,GOSHORT,2023-10-12,13_30_00,369.61,118,0.11000000000001364
234,Basic,basic,BUY,2023-10-12,15_00_00,369.5,118,0.11000000000001364
235,Basic,basic,GOSHORT,2023-10-12,15_05_00,369.47,119,-0.47999999999996135
236,Basic,basic,BUY,2023-10-12,15_30_00,369.95,119,-0.47999999999996135
237,Basic,basic,GOSHORT,2023-10-13,10_30_00,369.43,120,2.329999999999984
238,Basic,basic,BUY,2023-10-13,11_00_00,367.1,120,2.329999999999984
239,Basic,basic,GOSHORT,2023-10-13,11_05_00,367.06,121,0.2599999999999909
240,Basic,basic,BUY,2023-10-13,11_15_00,366.8,121,0.2599999999999909
241,Basic,basic,GOSHORT,2023-10-13,11_20_00,366.0,122,-0.5
242,Basic,basic,BUY,2023-10-13,11_35_00,366.5,122,-0.5
243,Basic,basic,GOSHORT,2023-10-13,11_40_00,366.13,123,-0.6399999999999864
244,Basic,basic,BUY,2023-10-13,12_25_00,366.77,123,-0.6399999999999864
245,Basic,basic,GOSHORT,2023-10-13,12_30_00,367.02,124,0.7199999999999704
246,Basic,basic,BUY,2023-10-13,12_50_00,366.3,124,0.7199999999999704
247,Basic,basic,GOSHORT,2023-10-13,12_55_00,366.31,125,1.2699999999999818
248,Basic,basic,BUY,2023-10-13,14_45_00,365.04,125,1.2699999999999818
249,Basic,basic,GOSHORT,2023-10-13,14_50_00,365.43,126,-0.5
250,Basic,basic,BUY,2023-10-13,15_10_00,365.93,126,-0.5
251,Basic,basic,GOSHORT,2023-10-13,15_15_00,365.41,127,0.35000000000002274
252,Basic,basic,BUY,2023-10-13,15_35_00,365.06,127,0.35000000000002274
253,Basic,basic,GOLONG,2023-10-16,10_30_00,369.8,128,0.009999999999990905
254,Basic,basic,SELL,2023-10-16,10_40_00,369.81,128,0.009999999999990905
255,Basic,basic,GOLONG,2023-10-16,10_50_00,369.37,129,-0.17000000000001592
256,Basic,basic,SELL,2023-10-16,11_15_00,369.2,129,-0.17000000000001592
257,Basic,basic,GOLONG,2023-10-16,11_20_00,369.27,130,0.3900000000000432
258,Basic,basic,SELL,2023-10-16,11_25_00,369.66,130,0.3900000000000432
259,Basic,basic,GOLONG,2023-10-16,11_30_00,369.74,131,-0.6000000000000227
260,Basic,basic,SELL,2023-10-16,11_35_00,369.14,131,-0.6000000000000227
261,Basic,basic,GOLONG,2023-10-16,11_45_00,369.3,132,-0.29000000000002046
262,Basic,basic,GOSHORT,2023-10-16,11_50_00,369.01,132,-0.29000000000002046
263,Basic,basic,GOSHORT,2023-10-16,11_50_00,369.01,133,0.11000000000001364
264,Basic,basic,BUY,2023-10-16,11_55_00,368.9,133,0.11000000000001364
265,Basic,basic,GOLONG,2023-10-16,12_00_00,368.78,134,0.3800000000000523
266,Basic,basic,SELL,2023-10-16,12_05_00,369.16,134,0.3800000000000523
267,Basic,basic,GOLONG,2023-10-16,12_10_00,368.72,135,0.2999999999999545
268,Basic,basic,SELL,2023-10-16,12_45_00,369.02,135,0.2999999999999545
269,Basic,basic,GOSHORT,2023-10-16,13_05_00,369.9,136,0.03999999999996362
270,Basic,basic,BUY,2023-10-16,13_10_00,369.86,136,0.03999999999996362
271,Basic,basic,GOLONG,2023-10-16,13_15_00,369.31,137,-1.2200000000000273
272,Basic,basic,GOSHORT,2023-10-16,13_20_00,368.09,137,-1.2200000000000273
273,Basic,basic,GOSHORT,2023-10-16,13_20_00,368.09,138,-0.660000000000025
274,Basic,basic,BUY,2023-10-16,13_25_00,368.75,138,-0.660000000000025
275,Basic,basic,GOLONG,2023-10-16,13_30_00,368.88,139,0.3299999999999841
276,Basic,basic,SELL,2023-10-16,13_35_00,369.21,139,0.3299999999999841
277,Basic,basic,GOLONG,2023-10-16,13_40_00,369.63,140,0.060000000000002274
278,Basic,basic,SELL,2023-10-16,13_50_00,369.69,140,0.060000000000002274
279,Basic,basic,GOSHORT,2023-10-16,14_00_00,369.63,141,-0.3299999999999841
280,Basic,basic,GOLONG,2023-10-16,14_05_00,369.96,141,-0.3299999999999841
281,Basic,basic,GOLONG,2023-10-16,14_05_00,369.96,142,-0.07999999999998408
282,Basic,basic,SELL,2023-10-16,14_10_00,369.88,142,-0.07999999999998408
283,Basic,basic,GOLONG,2023-10-16,14_15_00,369.92,143,-0.08000000000004093
284,Basic,basic,SELL,2023-10-16,14_20_00,369.84,143,-0.08000000000004093
285,Basic,basic,GOLONG,2023-10-16,14_25_00,369.69,144,0.08999999999997499
286,Basic,basic,SELL,2023-10-16,14_30_00,369.78,144,0.08999999999997499
287,Basic,basic,GOLONG,2023-10-16,14_40_00,369.75,145,-0.18999999999999773
288,Basic,basic,SELL,2023-10-16,14_45_00,369.56,145,-0.18999999999999773
289,Basic,basic,GOLONG,2023-10-16,14_50_00,369.83,146,0.0
290,Basic,basic,GOSHORT,2023-10-16,15_00_00,369.83,146,0.0
291,Basic,basic,GOSHORT,2023-10-16,15_00_00,369.83,147,-0.19999999999998863
292,Basic,basic,BUY,2023-10-16,15_05_00,370.03,147,-0.19999999999998863
293,Basic,basic,GOSHORT,2023-10-16,15_15_00,369.94,148,0.01999999999998181
294,Basic,basic,BUY,2023-10-16,15_30_00,369.92,148,0.01999999999998181
295,Basic,basic,GOLONG,2023-10-17,10_30_00,367.38,149,0.35000000000002274
296,Basic,basic,SELL,2023-10-17,10_45_00,367.73,149,0.35000000000002274
297,Basic,basic,GOLONG,2023-10-17,10_50_00,367.22,150,1.6399999999999864
298,Basic,basic,GOSHORT,2023-10-17,11_50_00,368.86,150,1.6399999999999864
299,Basic,basic,GOSHORT,2023-10-17,11_50_00,368.86,151,-0.20999999999997954
300,Basic,basic,GOLONG,2023-10-17,12_00_00,369.07,151,-0.20999999999997954
301,Basic,basic,GOLONG,2023-10-17,12_00_00,369.07,152,0.4200000000000159
302,Basic,basic,SELL,2023-10-17,12_40_00,369.49,152,0.4200000000000159
303,Basic,basic,GOLONG,2023-10-17,12_45_00,369.34,153,-0.2699999999999818
304,Basic,basic,SELL,2023-10-17,12_55_00,369.07,153,-0.2699999999999818
305,Basic,basic,GOLONG,2023-10-17,13_05_00,369.06,154,-0.35000000000002274
306,Basic,basic,SELL,2023-10-17,13_20_00,368.71,154,-0.35000000000002274
307,Basic,basic,GOSHORT,2023-10-17,13_25_00,368.71,155,0.2599999999999909
308,Basic,basic,GOLONG,2023-10-17,13_30_00,368.45,155,0.2599999999999909
309,Basic,basic,GOLONG,2023-10-17,13_30_00,368.45,156,-1.0500000000000114
310,Basic,basic,GOSHORT,2023-10-17,13_50_00,367.4,156,-1.0500000000000114
311,Basic,basic,GOSHORT,2023-10-17,13_50_00,367.4,157,-0.28000000000002956
312,Basic,basic,BUY,2023-10-17,14_05_00,367.68,157,-0.28000000000002956
313,Basic,basic,GOLONG,2023-10-17,14_10_00,367.66,158,-0.17000000000001592
314,Basic,basic,GOSHORT,2023-10-17,14_15_00,367.49,158,-0.17000000000001592
315,Basic,basic,GOSHORT,2023-10-17,14_15_00,367.49,159,-0.2699999999999818
316,Basic,basic,GOLONG,2023-10-17,14_30_00,367.76,159,-0.2699999999999818
317,Basic,basic,GOLONG,2023-10-17,14_30_00,367.76,160,0.1500000000000341
318,Basic,basic,SELL,2023-10-17,14_40_00,367.91,160,0.1500000000000341
319,Basic,basic,GOLONG,2023-10-17,14_45_00,368.09,161,-1.089999999999975
320,Basic,basic,GOSHORT,2023-10-17,14_50_00,367.0,161,-1.089999999999975
321,Basic,basic,GOSHORT,2023-10-17,14_50_00,367.0,162,-0.009999999999990905
322,Basic,basic,GOLONG,2023-10-17,15_00_00,367.01,162,-0.009999999999990905
323,Basic,basic,GOLONG,2023-10-17,15_00_00,367.01,163,0.410000000000025
324,Basic,basic,SELL,2023-10-17,15_05_00,367.42,163,0.410000000000025
325,Basic,basic,GOSHORT,2023-10-17,15_15_00,367.64,164,0.13999999999998636
326,Basic,basic,BUY,2023-10-17,15_45_00,367.5,164,0.13999999999998636
327,Basic,basic,GOSHORT,2023-10-18,10_35_00,365.39,165,0.4399999999999977
328,Basic,basic,GOLONG,2023-10-18,10_55_00,364.95,165,0.4399999999999977
329,Basic,basic,GOLONG,2023-10-18,10_55_00,364.95,166,0.05000000000001137
330,Basic,basic,GOSHORT,2023-10-18,11_05_00,365.0,166,0.05000000000001137
331,Basic,basic,GOSHORT,2023-10-18,11_05_00,365.0,167,-0.8100000000000023
332,Basic,basic,GOLONG,2023-10-18,11_15_00,365.81,167,-0.8100000000000023
333,Basic,basic,GOLONG,2023-10-18,11_15_00,365.81,168,-0.060000000000002274
334,Basic,basic,SELL,2023-10-18,11_20_00,365.75,168,-0.060000000000002274
335,Basic,basic,GOLONG,2023-10-18,11_25_00,365.66,169,0.3699999999999477
336,Basic,basic,SELL,2023-10-18,11_35_00,366.03,169,0.3699999999999477
337,Basic,basic,GOSHORT,2023-10-18,11_40_00,365.57,170,-0.25
338,Basic,basic,BUY,2023-10-18,11_50_00,365.82,170,-0.25
339,Basic,basic,GOSHORT,2023-10-18,11_55_00,365.62,171,-0.9200000000000159
340,Basic,basic,GOLONG,2023-10-18,12_00_00,366.54,171,-0.9200000000000159
341,Basic,basic,GOLONG,2023-10-18,12_00_00,366.54,172,0.01999999999998181
342,Basic,basic,SELL,2023-10-18,12_05_00,366.56,172,0.01999999999998181
343,Basic,basic,GOLONG,2023-10-18,12_10_00,366.05,173,-0.4700000000000273
344,Basic,basic,GOSHORT,2023-10-18,12_15_00,365.58,173,-0.4700000000000273
345,Basic,basic,GOSHORT,2023-10-18,12_15_00,365.58,174,0.4399999999999977
346,Basic,basic,BUY,2023-10-18,12_30_00,365.14,174,0.4399999999999977
347,Basic,basic,GOSHORT,2023-10-18,12_35_00,364.83,175,-0.9800000000000182
348,Basic,basic,BUY,2023-10-18,13_05_00,365.81,175,-0.9800000000000182
349,Basic,basic,GOLONG,2023-10-18,13_15_00,366.26,176,-0.12999999999999545
350,Basic,basic,GOSHORT,2023-10-18,13_20_00,366.13,176,-0.12999999999999545
351,Basic,basic,GOSHORT,2023-10-18,13_20_00,366.13,177,0.08999999999997499
352,Basic,basic,GOLONG,2023-10-18,13_25_00,366.04,177,0.08999999999997499
353,Basic,basic,GOLONG,2023-10-18,13_25_00,366.04,178,-0.9300000000000068
354,Basic,basic,GOSHORT,2023-10-18,13_30_00,365.11,178,-0.9300000000000068
355,Basic,basic,GOSHORT,2023-10-18,13_30_00,365.11,179,0.7700000000000387
356,Basic,basic,BUY,2023-10-18,13_35_00,364.34,179,0.7700000000000387
357,Basic,basic,GOSHORT,2023-10-18,13_40_00,364.57,180,-0.28000000000002956
358,Basic,basic,BUY,2023-10-18,14_30_00,364.85,180,-0.28000000000002956
359,Basic,basic,GOSHORT,2023-10-18,14_50_00,363.81,181,1.5
360,Basic,basic,BUY,2023-10-18,15_45_00,362.31,181,1.5
361,Basic,basic,GOLONG,2023-10-19,10_30_00,363.1,182,0.45999999999997954
362,Basic,basic,GOSHORT,2023-10-19,10_35_00,363.56,182,0.45999999999997954
363,Basic,basic,GOSHORT,2023-10-19,10_35_00,363.56,183,0.5199999999999818
364,Basic,basic,BUY,2023-10-19,10_55_00,363.04,183,0.5199999999999818
365,Basic,basic,GOSHORT,2023-10-19,11_00_00,363.2,184,-0.910000000000025
366,Basic,basic,GOLONG,2023-10-19,11_45_00,364.11,184,-0.910000000000025
367,Basic,basic,GOLONG,2023-10-19,11_45_00,364.11,185,-0.5400000000000205
368,Basic,basic,GOSHORT,2023-10-19,11_55_00,363.57,185,-0.5400000000000205
369,Basic,basic,GOSHORT,2023-10-19,11_55_00,363.57,186,-1.160000000000025
370,Basic,basic,GOLONG,2023-10-19,12_00_00,364.73,186,-1.160000000000025
371,Basic,basic,GOLONG,2023-10-19,12_00_00,364.73,187,-1.0
372,Basic,basic,GOSHORT,2023-10-19,12_10_00,363.73,187,-1.0
373,Basic,basic,GOSHORT,2023-10-19,12_10_00,363.73,188,-1.0499999999999545
374,Basic,basic,GOLONG,2023-10-19,12_15_00,364.78,188,-1.0499999999999545
375,Basic,basic,GOLONG,2023-10-19,12_15_00,364.78,189,-1.2299999999999613
376,Basic,basic,GOSHORT,2023-10-19,12_25_00,363.55,189,-1.2299999999999613
377,Basic,basic,GOSHORT,2023-10-19,12_25_00,363.55,190,0.12000000000000455
378,Basic,basic,GOLONG,2023-10-19,12_45_00,363.43,190,0.12000000000000455
379,Basic,basic,GOLONG,2023-10-19,12_45_00,363.43,191,0.9599999999999795
380,Basic,basic,GOSHORT,2023-10-19,13_00_00,364.39,191,0.9599999999999795
381,Basic,basic,GOSHORT,2023-10-19,13_00_00,364.39,192,-0.5600000000000023
382,Basic,basic,BUY,2023-10-19,13_10_00,364.95,192,-0.5600000000000023
383,Basic,basic,GOSHORT,2023-10-19,13_15_00,365.0,193,0.7699999999999818
384,Basic,basic,BUY,2023-10-19,13_20_00,364.23,193,0.7699999999999818
385,Basic,basic,GOSHORT,2023-10-19,13_25_00,364.27,194,1.8999999999999773
386,Basic,basic,BUY,2023-10-19,13_50_00,362.37,194,1.8999999999999773
387,Basic,basic,GOSHORT,2023-10-19,13_55_00,362.5,195,-0.05000000000001137
388,Basic,basic,BUY,2023-10-19,14_00_00,362.55,195,-0.05000000000001137
389,Basic,basic,GOSHORT,2023-10-19,14_05_00,362.41,196,1.3800000000000523
390,Basic,basic,BUY,2023-10-19,14_30_00,361.03,196,1.3800000000000523
391,Basic,basic,GOSHORT,2023-10-19,14_35_00,360.85,197,0.75
392,Basic,basic,BUY,2023-10-19,15_45_00,360.1,197,0.75
393,Basic,basic,GOSHORT,2023-10-20,10_30_00,357.23,198,0.2300000000000182
394,Basic,basic,BUY,2023-10-20,13_00_00,357.0,198,0.2300000000000182
395,Basic,basic,GOSHORT,2023-10-20,13_05_00,356.45,199,-0.22000000000002728
396,Basic,basic,BUY,2023-10-20,13_10_00,356.67,199,-0.22000000000002728
397,Basic,basic,GOLONG,2023-10-20,13_20_00,357.62,200,-0.20999999999997954
398,Basic,basic,SELL,2023-10-20,13_30_00,357.41,200,-0.20999999999997954
399,Basic,basic,GOSHORT,2023-10-20,13_35_00,357.21,201,-0.37999999999999545
400,Basic,basic,BUY,2023-10-20,13_40_00,357.59,201,-0.37999999999999545
401,Basic,basic,GOSHORT,2023-10-20,13_50_00,356.95,202,-0.13999999999998636
402,Basic,basic,BUY,2023-10-20,14_00_00,357.09,202,-0.13999999999998636
403,Basic,basic,GOLONG,2023-10-20,14_05_00,357.23,203,-1.330000000000041
404,Basic,basic,GOSHORT,2023-10-20,14_15_00,355.9,203,-1.330000000000041
405,Basic,basic,GOSHORT,2023-10-20,14_15_00,355.9,204,0.3299999999999841
406,Basic,basic,BUY,2023-10-20,14_35_00,355.57,204,0.3299999999999841
407,Basic,basic,GOSHORT,2023-10-20,14_40_00,355.73,205,0.3199999999999932
408,Basic,basic,BUY,2023-10-20,15_20_00,355.41,205,0.3199999999999932
409,Basic,basic,GOSHORT,2023-10-20,15_30_00,355.56,206,0.45999999999997954
410,Basic,basic,BUY,2023-10-20,15_45_00,355.1,206,0.45999999999997954
411,Basic,basic,GOLONG,2023-10-23,10_30_00,354.32,207,0.6399999999999864
412,Basic,basic,GOSHORT,2023-10-23,10_35_00,354.96,207,0.6399999999999864
413,Basic,basic,GOSHORT,2023-10-23,10_35_00,354.96,208,-0.37000000000000455
414,Basic,basic,BUY,2023-10-23,10_40_00,355.33,208,-0.37000000000000455
415,Basic,basic,GOLONG,2023-10-23,10_45_00,354.98,209,2.599999999999966
416,Basic,basic,SELL,2023-10-23,12_25_00,357.58,209,2.599999999999966
417,Basic,basic,GOLONG,2023-10-23,12_30_00,357.34,210,0.6000000000000227
418,Basic,basic,GOSHORT,2023-10-23,13_55_00,357.94,210,0.6000000000000227
419,Basic,basic,GOSHORT,2023-10-23,13_55_00,357.94,211,-0.18000000000000682
420,Basic,basic,GOLONG,2023-10-23,14_00_00,358.12,211,-0.18000000000000682
421,Basic,basic,GOLONG,2023-10-23,14_00_00,358.12,212,-0.17000000000001592
422,Basic,basic,SELL,2023-10-23,14_10_00,357.95,212,-0.17000000000001592
423,Basic,basic,GOLONG,2023-10-23,14_15_00,357.53,213,0.0
424,Basic,basic,GOSHORT,2023-10-23,14_25_00,357.53,213,0.0
425,Basic,basic,GOSHORT,2023-10-23,14_25_00,357.53,214,-0.09000000000003183
426,Basic,basic,BUY,2023-10-23,14_45_00,357.62,214,-0.09000000000003183
427,Basic,basic,GOSHORT,2023-10-23,14_55_00,357.46,215,0.2799999999999727
428,Basic,basic,BUY,2023-10-23,15_10_00,357.18,215,0.2799999999999727
429,Basic,basic,GOSHORT,2023-10-23,15_20_00,356.57,216,0.12000000000000455
430,Basic,basic,BUY,2023-10-23,15_45_00,356.45,216,0.12000000000000455
431,Basic,basic,GOSHORT,2023-10-24,10_30_00,359.09,217,-0.5300000000000296
432,Basic,basic,GOLONG,2023-10-24,10_35_00,359.62,217,-0.5300000000000296
433,Basic,basic,GOLONG,2023-10-24,10_35_00,359.62,218,-0.8799999999999955
434,Basic,basic,SELL,2023-10-24,11_15_00,358.74,218,-0.8799999999999955
435,Basic,basic,GOLONG,2023-10-24,11_20_00,358.29,219,-0.20000000000004547
436,Basic,basic,SELL,2023-10-24,11_30_00,358.09,219,-0.20000000000004547
437,Basic,basic,GOSHORT,2023-10-24,11_35_00,357.68,220,-0.12000000000000455
438,Basic,basic,BUY,2023-10-24,11_40_00,357.8,220,-0.12000000000000455
439,Basic,basic,GOSHORT,2023-10-24,12_05_00,358.1,221,0.08000000000004093
440,Basic,basic,GOLONG,2023-10-24,12_10_00,358.02,221,0.08000000000004093
441,Basic,basic,GOLONG,2023-10-24,12_10_00,358.02,222,-1.349999999999966
442,Basic,basic,GOSHORT,2023-10-24,12_25_00,356.67,222,-1.349999999999966
443,Basic,basic,GOSHORT,2023-10-24,12_25_00,356.67,223,-0.08999999999997499
444,Basic,basic,GOLONG,2023-10-24,13_15_00,356.76,223,-0.08999999999997499
445,Basic,basic,GOLONG,2023-10-24,13_15_00,356.76,224,0.3299999999999841
446,Basic,basic,GOSHORT,2023-10-24,13_20_00,357.09,224,0.3299999999999841
447,Basic,basic,GOSHORT,2023-10-24,13_20_00,357.09,225,-0.3100000000000023
448,Basic,basic,BUY,2023-10-24,13_45_00,357.4,225,-0.3100000000000023
449,Basic,basic,GOLONG,2023-10-24,13_50_00,357.45,226,-0.060000000000002274
450,Basic,basic,GOSHORT,2023-10-24,13_55_00,357.39,226,-0.060000000000002274
451,Basic,basic,GOSHORT,2023-10-24,13_55_00,357.39,227,-0.160000000000025
452,Basic,basic,BUY,2023-10-24,14_10_00,357.55,227,-0.160000000000025
453,Basic,basic,GOLONG,2023-10-24,14_15_00,357.56,228,0.660000000000025
454,Basic,basic,SELL,2023-10-24,14_25_00,358.22,228,0.660000000000025
455,Basic,basic,GOLONG,2023-10-24,14_30_00,358.52,229,0.18999999999999773
456,Basic,basic,SELL,2023-10-24,14_40_00,358.71,229,0.18999999999999773
457,Basic,basic,GOSHORT,2023-10-24,14_45_00,358.81,230,-0.040000000000020464
458,Basic,basic,GOLONG,2023-10-24,14_50_00,358.85,230,-0.040000000000020464
459,Basic,basic,GOLONG,2023-10-24,14_50_00,358.85,231,-0.160000000000025
460,Basic,basic,SELL,2023-10-24,14_55_00,358.69,231,-0.160000000000025
461,Basic,basic,GOLONG,2023-10-24,15_00_00,358.82,232,0.3199999999999932
462,Basic,basic,SELL,2023-10-24,15_15_00,359.14,232,0.3199999999999932
463,Basic,basic,GOSHORT,2023-10-24,15_30_00,359.21,233,0.009999999999990905
464,Basic,basic,BUY,2023-10-24,15_35_00,359.2,233,0.009999999999990905
465,Basic,basic,GOSHORT,2023-10-25,10_30_00,354.22,234,-0.5099999999999909
466,Basic,basic,BUY,2023-10-25,11_05_00,354.73,234,-0.5099999999999909
467,Basic,basic,GOLONG,2023-10-25,11_15_00,354.7,235,-0.9099999999999682
468,Basic,basic,GOSHORT,2023-10-25,11_20_00,353.79,235,-0.9099999999999682
469,Basic,basic,GOSHORT,2023-10-25,11_20_00,353.79,236,-0.4399999999999977
470,Basic,basic,GOLONG,2023-10-25,11_25_00,354.23,236,-0.4399999999999977
471,Basic,basic,GOLONG,2023-10-25,11_25_00,354.23,237,-0.3199999999999932
472,Basic,basic,GOSHORT,2023-10-25,11_30_00,353.91,237,-0.3199999999999932
473,Basic,basic,GOSHORT,2023-10-25,11_30_00,353.91,238,0.9800000000000182
474,Basic,basic,BUY,2023-10-25,12_30_00,352.93,238,0.9800000000000182
475,Basic,basic,GOSHORT,2023-10-25,12_35_00,352.56,239,2.5
476,Basic,basic,BUY,2023-10-25,13_50_00,350.06,239,2.5
477,Basic,basic,GOSHORT,2023-10-25,13_55_00,350.5,240,-0.3299999999999841
478,Basic,basic,BUY,2023-10-25,14_15_00,350.83,240,-0.3299999999999841
479,Basic,basic,GOSHORT,2023-10-25,14_20_00,350.86,241,0.3100000000000023
480,Basic,basic,BUY,2023-10-25,14_25_00,350.55,241,0.3100000000000023
481,Basic,basic,GOSHORT,2023-10-25,14_40_00,350.05,242,0.18000000000000682
482,Basic,basic,BUY,2023-10-25,14_45_00,349.87,242,0.18000000000000682
483,Basic,basic,GOSHORT,2023-10-25,14_50_00,350.28,243,0.47999999999996135
484,Basic,basic,BUY,2023-10-25,15_10_00,349.8,243,0.47999999999996135
485,Basic,basic,GOSHORT,2023-10-25,15_15_00,350.01,244,-0.5400000000000205
486,Basic,basic,BUY,2023-10-25,15_45_00,350.55,244,-0.5400000000000205
487,Basic,basic,GOSHORT,2023-10-26,10_30_00,346.17,245,0.8000000000000114
488,Basic,basic,BUY,2023-10-26,11_20_00,345.37,245,0.8000000000000114
489,Basic,basic,GOSHORT,2023-10-26,11_25_00,345.18,246,1.0
490,Basic,basic,BUY,2023-10-26,12_05_00,344.18,246,1.0
491,Basic,basic,GOSHORT,2023-10-26,12_10_00,344.16,247,1.25
492,Basic,basic,BUY,2023-10-26,12_15_00,342.91,247,1.25
493,Basic,basic,GOSHORT,2023-10-26,12_20_00,343.2,248,-1.0500000000000114
494,Basic,basic,GOLONG,2023-10-26,13_45_00,344.25,248,-1.0500000000000114
495,Basic,basic,GOLONG,2023-10-26,13_45_00,344.25,249,-0.06999999999999318
496,Basic,basic,GOSHORT,2023-10-26,13_50_00,344.18,249,-0.06999999999999318
497,Basic,basic,GOSHORT,2023-10-26,13_50_00,344.18,250,-0.6399999999999864
498,Basic,basic,GOLONG,2023-10-26,14_10_00,344.82,250,-0.6399999999999864
499,Basic,basic,GOLONG,2023-10-26,14_10_00,344.82,251,-0.18999999999999773
500,Basic,basic,GOSHORT,2023-10-26,14_15_00,344.63,251,-0.18999999999999773
501,Basic,basic,GOSHORT,2023-10-26,14_15_00,344.63,252,-1.1999999999999886
502,Basic,basic,GOLONG,2023-10-26,14_30_00,345.83,252,-1.1999999999999886
503,Basic,basic,GOLONG,2023-10-26,14_30_00,345.83,253,0.8300000000000409
504,Basic,basic,GOSHORT,2023-10-26,14_55_00,346.66,253,0.8300000000000409
505,Basic,basic,GOSHORT,2023-10-26,14_55_00,346.66,254,0.36000000000001364
506,Basic,basic,GOLONG,2023-10-26,15_05_00,346.3,254,0.36000000000001364
507,Basic,basic,GOLONG,2023-10-26,15_05_00,346.3,255,-0.7200000000000273
508,Basic,basic,SELL,2023-10-26,15_15_00,345.58,255,-0.7200000000000273
509,Basic,basic,GOSHORT,2023-10-26,15_40_00,343.6,256,0.020000000000038654
510,Basic,basic,BUY,2023-10-26,15_45_00,343.58,256,0.020000000000038654
511,Basic,basic,GOSHORT,2023-10-27,10_35_00,346.35,257,0.6299999999999955
512,Basic,basic,BUY,2023-10-27,10_40_00,345.72,257,0.6299999999999955
513,Basic,basic,GOSHORT,2023-10-27,10_45_00,346.36,258,-0.7899999999999636
514,Basic,basic,BUY,2023-10-27,10_55_00,347.15,258,-0.7899999999999636
515,Basic,basic,GOLONG,2023-10-27,11_00_00,347.11,259,0.9799999999999613
516,Basic,basic,SELL,2023-10-27,11_10_00,348.09,259,0.9799999999999613
517,Basic,basic,GOLONG,2023-10-27,11_15_00,348.29,260,-0.4300000000000068
518,Basic,basic,SELL,2023-10-27,11_35_00,347.86,260,-0.4300000000000068
519,Basic,basic,GOLONG,2023-10-27,11_40_00,347.58,261,-0.03999999999996362
520,Basic,basic,SELL,2023-10-27,11_45_00,347.54,261,-0.03999999999996362
521,Basic,basic,GOLONG,2023-10-27,11_50_00,347.59,262,0.4200000000000159
522,Basic,basic,SELL,2023-10-27,11_55_00,348.01,262,0.4200000000000159
523,Basic,basic,GOLONG,2023-10-27,12_05_00,348.09,263,-0.6699999999999591
524,Basic,basic,GOSHORT,2023-10-27,12_10_00,347.42,263,-0.6699999999999591
525,Basic,basic,GOSHORT,2023-10-27,12_10_00,347.42,264,-0.45999999999997954
526,Basic,basic,BUY,2023-10-27,12_15_00,347.88,264,-0.45999999999997954
527,Basic,basic,GOSHORT,2023-10-27,12_20_00,347.42,265,0.25
528,Basic,basic,BUY,2023-10-27,12_30_00,347.17,265,0.25
529,Basic,basic,GOLONG,2023-10-27,12_35_00,347.49,266,-0.8600000000000136
530,Basic,basic,GOSHORT,2023-10-27,12_45_00,346.63,266,-0.8600000000000136
531,Basic,basic,GOSHORT,2023-10-27,12_45_00,346.63,267,0.06999999999999318
532,Basic,basic,BUY,2023-10-27,12_50_00,346.56,267,0.06999999999999318
533,Basic,basic,GOSHORT,2023-10-27,12_55_00,346.33,268,1.25
534,Basic,basic,GOLONG,2023-10-27,13_35_00,345.08,268,1.25
535,Basic,basic,GOLONG,2023-10-27,13_35_00,345.08,269,0.34000000000003183
536,Basic,basic,GOSHORT,2023-10-27,13_40_00,345.42,269,0.34000000000003183
537,Basic,basic,GOSHORT,2023-10-27,13_40_00,345.42,270,0.6100000000000136
538,Basic,basic,BUY,2023-10-27,14_10_00,344.81,270,0.6100000000000136
539,Basic,basic,GOSHORT,2023-10-27,14_20_00,344.46,271,-0.4600000000000364
540,Basic,basic,BUY,2023-10-27,14_50_00,344.92,271,-0.4600000000000364
541,Basic,basic,GOSHORT,2023-10-27,14_55_00,344.47,272,-0.3199999999999932
542,Basic,basic,BUY,2023-10-27,15_10_00,344.79,272,-0.3199999999999932
543,Basic,basic,GOSHORT,2023-10-27,15_15_00,344.93,273,0.7200000000000273
544,Basic,basic,BUY,2023-10-27,15_35_00,344.21,273,0.7200000000000273
